{
  "actions": [
    {
      "name": "/actions/ViveBase/in/InteractUI",
      "type": "boolean"
    },
    {
      "name": "/actions/ViveBase/in/Teleport",
      "type": "boolean"
    },
    {
      "name": "/actions/ViveBase/in/GrabPinch",
      "type": "boolean"
    },
    {
      "name": "/actions/ViveBase/in/Reset",
      "type": "boolean"
    },
    {
      "name": "/actions/ViveBase/in/Pose",
      "type": "pose"
    },
    {
      "name": "/actions/ViveBase/in/SkeletonLeftHand",
      "type": "skeleton",
      "skeleton": "/skeleton/hand/left"
    },
    {
      "name": "/actions/ViveBase/in/SkeletonRightHand",
      "type": "skeleton",
      "skeleton": "/skeleton/hand/right"
    },
    {
      "name": "/actions/ViveBase/in/Squeeze",
      "type": "vector1",
      "requirement": "optional"
    },
    {
      "name": "/actions/ViveBase/in/HeadsetOnHead",
      "type": "boolean",
      "requirement": "optional"
    },
    {
      "name": "/actions/ViveBase/in/SnapTurnLeft",
      "type": "boolean",
      "requirement": "suggested"
    },
    {
      "name": "/actions/ViveBase/in/SnapTurnRight",
      "type": "boolean"
    },
    {
      "name": "/actions/ViveBase/out/Haptic",
      "type": "vibration"
    }
  ],
  "action_sets": [
    {
      "name": "/actions/ViveBase",
      "usage": "single"
    }
  ],
  "default_bindings": [
    {
      "controller_type": "vive_controller",
      "binding_url": "bindings_vive_controller.json"
    },
    {
      "controller_type": "oculus_touch",
      "binding_url": "bindings_oculus_touch.json"
    },
    {
      "controller_type": "knuckles",
      "binding_url": "bindings_knuckles.json"
    },
    {
      "controller_type": "holographic_controller",
      "binding_url": "bindings_holographic_controller.json"
    },
    {
      "controller_type": "vive_cosmos_controller",
      "binding_url": "bindings_vive_cosmos_controller.json"
    },
    {
      "controller_type": "logitech_stylus",
      "binding_url": "bindings_logitech_stylus.json"
    },
    {
      "controller_type": "vive_cosmos",
      "binding_url": "binding_vive_cosmos.json"
    },
    {
      "controller_type": "vive",
      "binding_url": "binding_vive.json"
    },
    {
      "controller_type": "indexhmd",
      "binding_url": "binding_index_hmd.json"
    },
    {
      "controller_type": "vive_pro",
      "binding_url": "binding_vive_pro.json"
    },
    {
      "controller_type": "rift",
      "binding_url": "binding_rift.json"
    },
    {
      "controller_type": "holographic_hmd",
      "binding_url": "binding_holographic_hmd.json"
    },
    {
      "controller_type": "vive_tracker_camera",
      "binding_url": "binding_vive_tracker_camera.json"
    }
  ],
  "localization": [
    {
      "language_tag": "en_US"
    }
  ]
}