{
  "app_key": "application.generated.unity.tosser.exe",
  "bindings": {
    "/actions/buggy": {
      "chords": [],
      "poses": [],
      "haptics": [],
      "sources": [],
      "skeleton": []
    },
    "/actions/default": {
      "chords": [],
      "poses": [],
      "haptics": [],
      "sources": [],
      "skeleton": []
    },
    "/actions/platformer": {
      "chords": [],
      "poses": [],
      "haptics": [],
      "sources": [],
      "skeleton": []
    },
    "/actions/vivebase": {
      "chords": [],
      "poses": [
        {
          "output": "/actions/vivebase/in/pose",
          "path": "/user/hand/left/pose/raw"
        },
        {
          "output": "/actions/vivebase/in/pose",
          "path": "/user/hand/right/pose/raw"
        }
      ],
      "haptics": [],
      "sources": [
        {
          "path": "/user/hand/left/input/trigger",
          "mode": "button",
          "parameters": {},
          "inputs": {
            "click": {
              "output": "/actions/vivebase/in/grabpinch"
            }
          }
        },
        {
          "path": "/user/hand/right/input/trigger",
          "mode": "button",
          "parameters": {},
          "inputs": {
            "click": {
              "output": "/actions/vivebase/in/grabpinch"
            }
          }
        }
      ],
      "skeleton": [
        {
          "output": "/actions/vivebase/in/skeletonrighthand",
          "path": "/user/hand/left/input/skeleton/right"
        },
        {
          "output": "/actions/vivebase/in/skeletonrighthand",
          "path": "/user/hand/right/input/skeleton/right"
        }
      ]
    }
  },
  "controller_type": "oculus_touch",
  "description": "",
  "name": "oculus_touch"
}