{
   "action_manifest_version" : 0,
   "alias_info" : {},
   "app_key" : "application.generated.unity.tosser.exe",
   "bindings" : {
      "/actions/buggy" : {
         "chords" : [],
         "haptics" : [],
         "poses" : [],
         "skeleton" : [],
         "sources" : []
      },
      "/actions/default" : {
         "chords" : [],
         "haptics" : [],
         "poses" : [],
         "skeleton" : [],
         "sources" : []
      },
      "/actions/platformer" : {
         "chords" : [],
         "haptics" : [],
         "poses" : [],
         "skeleton" : [],
         "sources" : []
      },
      "/actions/vivebase" : {
         "haptics" : [
            {
               "output" : "/actions/vivebase/out/haptic",
               "path" : "/user/hand/left/output/haptic"
            },
            {
               "output" : "/actions/vivebase/out/haptic",
               "path" : "/user/hand/right/output/haptic"
            }
         ],
         "poses" : [
            {
               "output" : "/actions/vivebase/in/pose",
               "path" : "/user/hand/left/pose/raw"
            },
            {
               "output" : "/actions/vivebase/in/pose",
               "path" : "/user/hand/right/pose/raw"
            }
         ],
         "skeleton" : [
            {
               "output" : "/actions/vivebase/in/skeletonrighthand",
               "path" : "/user/hand/left/input/skeleton/right"
            },
            {
               "output" : "/actions/vivebase/in/skeletonrighthand",
               "path" : "/user/hand/right/input/skeleton/right"
            }
         ],
         "sources" : [
            {
               "inputs" : {
                  "click" : {
                     "output" : "/actions/vivebase/in/grabpinch"
                  }
               },
               "mode" : "button",
               "path" : "/user/hand/left/input/trigger"
            },
            {
               "inputs" : {
                  "click" : {
                     "output" : "/actions/vivebase/in/grabpinch"
                  }
               },
               "mode" : "button",
               "path" : "/user/hand/right/input/trigger"
            },
            {
               "inputs" : {
                  "click" : {
                     "output" : "/actions/vivebase/in/reset"
                  }
               },
               "mode" : "button",
               "path" : "/user/hand/left/input/application_menu"
            },
            {
               "inputs" : {
                  "click" : {
                     "output" : "/actions/vivebase/in/reset"
                  }
               },
               "mode" : "button",
               "path" : "/user/hand/right/input/application_menu"
            }
         ]
      }
   },
   "category" : "steamvr_input",
   "controller_type" : "vive_controller",
   "description" : "",
   "name" : "vive_controller",
   "options" : {},
   "simulated_actions" : []
}
